"Name","Version","License","Dependency type"
"@adobe/css-tools","4.5.0","MIT","transitive"
"@asamuzakjp/css-color","5.1.11","MIT","transitive"
"@asamuzakjp/dom-selector","7.1.1","MIT","transitive"
"@asamuzakjp/generational-cache","1.0.1","MIT","transitive"
"@asamuzakjp/nwsapi","2.3.9","MIT","transitive"
"@babel/code-frame","7.29.7","MIT","transitive"
"@babel/compat-data","7.29.7","MIT","transitive"
"@babel/core","7.29.7","MIT","transitive"
"@babel/generator","7.29.8","MIT","transitive"
"@babel/helper-compilation-targets","7.29.7","MIT","transitive"
"@babel/helper-globals","7.29.7","MIT","transitive"
"@babel/helper-module-imports","7.29.7","MIT","transitive"
"@babel/helper-module-transforms","7.29.7","MIT","transitive"
"@babel/helper-string-parser","7.29.7","MIT","transitive"
"@babel/helper-validator-identifier","7.29.7","MIT","transitive"
"@babel/helper-validator-option","7.29.7","MIT","transitive"
"@babel/helpers","7.29.7","MIT","transitive"
"@babel/parser","7.29.9","MIT","transitive"
"@babel/runtime","7.29.7","MIT","transitive"
"@babel/template","7.29.7","MIT","transitive"
"@babel/traverse","7.29.8","MIT","transitive"
"@babel/types","7.29.8","MIT","transitive"
"@bramus/specificity","2.4.2","MIT","transitive"
"@csstools/color-helpers","6.1.1","MIT-0","transitive"
"@csstools/css-calc","3.4.0","MIT","transitive"
"@csstools/css-color-parser","4.2.3","MIT","transitive"
"@csstools/css-parser-algorithms","4.0.0","MIT","transitive"
"@csstools/css-syntax-patches-for-csstree","1.1.14","MIT-0","transitive"
"@csstools/css-tokenizer","4.0.1","MIT","transitive"
"@emnapi/runtime","1.11.3","MIT","transitive"
"@eslint-community/eslint-utils","4.10.1","MIT","transitive"
"@eslint-community/eslint-utils","4.9.1","MIT","transitive"
"@eslint-community/regexpp","4.12.2","MIT","transitive"
"@eslint/config-array","0.21.2","Apache-2.0","transitive"
"@eslint/config-helpers","0.4.2","Apache-2.0","transitive"
"@eslint/core","0.17.0","Apache-2.0","transitive"
"@eslint/eslintrc","3.3.7","MIT","transitive"
"@eslint/js","9.39.5","MIT","transitive"
"@eslint/object-schema","2.1.7","Apache-2.0","transitive"
"@eslint/plugin-kit","0.4.1","Apache-2.0","transitive"
"@exodus/bytes","1.15.2","MIT","transitive"
"@hookform/resolvers","5.9.1","MIT","runtime"
"@humanfs/core","0.19.2","Apache-2.0","transitive"
"@humanfs/node","0.16.8","Apache-2.0","transitive"
"@humanfs/types","0.15.0","Apache-2.0","transitive"
"@humanwhocodes/module-importer","1.0.1","Apache-2.0","transitive"
"@humanwhocodes/retry","0.4.3","Apache-2.0","transitive"
"@img/colour","1.1.0","MIT","transitive"
"@img/sharp-wasm32","0.35.4","Apache-2.0 AND LGPL-3.0-or-later AND MIT","transitive"
"@img/sharp-win32-x64","0.35.4","Apache-2.0 AND LGPL-3.0-or-later","transitive"
"@jest/diff-sequences","30.4.0","MIT","transitive"
"@jest/diff-sequences","30.5.0","MIT","transitive"
"@jest/expect-utils","30.5.2","MIT","transitive"
"@jest/get-type","30.1.0","MIT","transitive"
"@jest/get-type","30.5.0","MIT","transitive"
"@jest/pattern","30.5.0","MIT","transitive"
"@jest/schemas","30.4.1","MIT","transitive"
"@jest/schemas","30.5.0","MIT","transitive"
"@jest/types","30.5.1","MIT","transitive"
"@jridgewell/gen-mapping","0.3.13","MIT","transitive"
"@jridgewell/remapping","2.3.5","MIT","transitive"
"@jridgewell/resolve-uri","3.1.2","MIT","transitive"
"@jridgewell/sourcemap-codec","1.6.0","MIT","transitive"
"@jridgewell/trace-mapping","0.3.31","MIT","transitive"
"@next/env","16.3.5","MIT","transitive"
"@next/eslint-plugin-next","16.3.5","MIT","transitive"
"@next/swc-win32-x64-msvc","16.3.5","MIT","transitive"
"@nodelib/fs.scandir","2.1.5","MIT","transitive"
"@nodelib/fs.stat","2.0.5","MIT","transitive"
"@nodelib/fs.walk","1.2.8","MIT","transitive"
"@nolyfill/is-core-module","1.0.39","MIT","transitive"
"@oxc-project/types","0.150.0","MIT","transitive"
"@playwright/test","1.63.0","Apache-2.0","development"
"@rolldown/binding-win32-x64-msvc","1.2.9","MIT","transitive"
"@rolldown/pluginutils","1.0.1","MIT","transitive"
"@rtsao/scc","1.1.0","MIT","transitive"
"@sinclair/typebox","0.34.52","MIT","transitive"
"@standard-schema/spec","1.1.0","MIT","transitive"
"@standard-schema/utils","0.3.0","MIT","transitive"
"@swc/helpers","0.5.23","Apache-2.0","transitive"
"@testing-library/dom","10.4.2","MIT","transitive"
"@testing-library/jest-dom","6.9.1","MIT","development"
"@testing-library/react","16.3.3","MIT","development"
"@testing-library/user-event","14.6.7","MIT","development"
"@types/aria-query","5.0.4","MIT","transitive"
"@types/chai","5.2.3","MIT","transitive"
"@types/deep-eql","4.0.2","MIT","transitive"
"@types/estree","1.0.9","MIT","transitive"
"@types/istanbul-lib-coverage","2.0.6","MIT","transitive"
"@types/istanbul-lib-report","3.0.3","MIT","transitive"
"@types/istanbul-reports","3.0.4","MIT","transitive"
"@types/jest","30.0.0","MIT","transitive"
"@types/jest-axe","3.5.9","MIT","development"
"@types/json-schema","7.0.15","MIT","transitive"
"@types/json5","0.0.29","MIT","transitive"
"@types/node","20.19.43","MIT","development"
"@types/react","19.3.0","MIT","development"
"@types/react-dom","19.3.0","MIT","development"
"@types/stack-utils","2.0.3","MIT","transitive"
"@types/yargs","17.0.35","MIT","transitive"
"@types/yargs-parser","21.0.3","MIT","transitive"
"@typescript-eslint/eslint-plugin","8.70.1","MIT","transitive"
"@typescript-eslint/parser","8.70.1","MIT","transitive"
"@typescript-eslint/project-service","8.70.1","MIT","transitive"
"@typescript-eslint/scope-manager","8.70.1","MIT","transitive"
"@typescript-eslint/tsconfig-utils","8.70.1","MIT","transitive"
"@typescript-eslint/type-utils","8.70.1","MIT","transitive"
"@typescript-eslint/types","8.70.1","MIT","transitive"
"@typescript-eslint/typescript-estree","8.70.1","MIT","transitive"
"@typescript-eslint/utils","8.70.1","MIT","transitive"
"@typescript-eslint/visitor-keys","8.70.1","MIT","transitive"
"@unrs/resolver-binding-win32-x64-msvc","1.12.2","MIT","transitive"
"@vitejs/plugin-react","6.1.1","MIT","development"
"@vitest/expect","4.1.11","MIT","transitive"
"@vitest/mocker","4.1.11","MIT","transitive"
"@vitest/pretty-format","4.1.11","MIT","transitive"
"@vitest/runner","4.1.11","MIT","transitive"
"@vitest/snapshot","4.1.11","MIT","transitive"
"@vitest/spy","4.1.11","MIT","transitive"
"@vitest/utils","4.1.11","MIT","transitive"
"acorn","8.18.0","MIT","transitive"
"acorn-jsx","5.3.2","MIT","transitive"
"ajv","6.15.0","MIT","transitive"
"ajv","8.20.0","MIT","transitive"
"ansi-regex","5.0.1","MIT","transitive"
"ansi-styles","4.3.0","MIT","transitive"
"ansi-styles","5.2.0","MIT","transitive"
"argparse","2.0.1","Python-2.0","transitive"
"aria-query","5.3.0","Apache-2.0","transitive"
"aria-query","5.3.2","Apache-2.0","transitive"
"array-buffer-byte-length","1.0.2","MIT","transitive"
"array-includes","3.2.0","MIT","transitive"
"array.prototype.findlast","1.2.5","MIT","transitive"
"array.prototype.findlastindex","1.2.6","MIT","transitive"
"array.prototype.flat","1.3.3","MIT","transitive"
"array.prototype.flatmap","1.3.3","MIT","transitive"
"array.prototype.tosorted","1.1.4","MIT","transitive"
"arraybuffer.prototype.slice","1.0.4","MIT","transitive"
"assertion-error","2.0.1","MIT","transitive"
"ast-types-flow","0.0.8","MIT","transitive"
"async-function","1.0.0","MIT","transitive"
"available-typed-arrays","1.0.7","MIT","transitive"
"axe-core","3.5.6","MPL-2.0","transitive"
"axe-core","4.12.1","MPL-2.0","transitive"
"axe-core","4.13.0","MPL-2.0","transitive"
"axobject-query","4.1.0","Apache-2.0","transitive"
"balanced-match","1.0.2","MIT","transitive"
"balanced-match","4.0.4","MIT","transitive"
"baseline-browser-mapping","2.11.25","Apache-2.0","transitive"
"bidi-js","1.1.0","MIT","transitive"
"brace-expansion","1.1.21","MIT","transitive"
"brace-expansion","5.0.12","MIT","transitive"
"braces","3.0.3","MIT","transitive"
"browserslist","4.29.0","MIT","transitive"
"call-bind","1.0.9","MIT","transitive"
"call-bind-apply-helpers","1.0.2","MIT","transitive"
"call-bound","1.0.4","MIT","transitive"
"callsites","3.1.0","MIT","transitive"
"caniuse-lite","1.0.30001810","CC-BY-4.0","transitive"
"chai","6.2.2","MIT","transitive"
"chalk","4.1.2","MIT","transitive"
"ci-info","4.4.0","MIT","transitive"
"client-only","0.0.1","MIT","transitive"
"color-convert","2.0.1","MIT","transitive"
"color-name","1.1.4","MIT","transitive"
"concat-map","0.0.1","MIT","transitive"
"convert-source-map","2.0.0","MIT","transitive"
"cross-spawn","7.0.6","MIT","transitive"
"css-tree","3.2.1","MIT","transitive"
"css.escape","1.5.1","MIT","transitive"
"csstype","3.2.3","MIT","transitive"
"damerau-levenshtein","1.0.8","BSD-2-Clause","transitive"
"data-urls","7.0.0","MIT","transitive"
"data-view-buffer","1.0.2","MIT","transitive"
"data-view-byte-length","1.0.2","MIT","transitive"
"data-view-byte-offset","1.0.1","MIT","transitive"
"debug","3.2.7","MIT","transitive"
"debug","4.4.3","MIT","transitive"
"decimal.js","10.6.0","MIT","transitive"
"deep-is","0.1.4","MIT","transitive"
"define-data-property","1.1.4","MIT","transitive"
"define-properties","1.2.1","MIT","transitive"
"dequal","2.0.3","MIT","transitive"
"detect-libc","2.1.2","Apache-2.0","transitive"
"doctrine","2.1.0","Apache-2.0","transitive"
"dom-accessibility-api","0.5.16","MIT","transitive"
"dom-accessibility-api","0.6.3","MIT","transitive"
"dunder-proto","1.0.1","MIT","transitive"
"electron-to-chromium","1.5.434","ISC","transitive"
"emoji-regex","9.2.2","MIT","transitive"
"entities","8.1.0","BSD-2-Clause","transitive"
"es-abstract","1.24.2","MIT","transitive"
"es-abstract-get","1.0.0","MIT","transitive"
"es-define-property","1.0.1","MIT","transitive"
"es-errors","1.3.0","MIT","transitive"
"es-iterator-helpers","1.4.0","MIT","transitive"
"es-module-lexer","2.3.2","MIT","transitive"
"es-object-atoms","1.1.2","MIT","transitive"
"es-set-tostringtag","2.1.0","MIT","transitive"
"es-shim-unscopables","1.1.0","MIT","transitive"
"es-to-primitive","1.3.4","MIT","transitive"
"escalade","3.2.0","MIT","transitive"
"escape-string-regexp","2.0.0","MIT","transitive"
"escape-string-regexp","4.0.0","MIT","transitive"
"eslint","9.39.5","MIT","development"
"eslint-config-next","16.3.5","MIT","development"
"eslint-import-resolver-node","0.3.10","MIT","transitive"
"eslint-import-resolver-typescript","3.10.1","ISC","transitive"
"eslint-module-utils","2.14.0","MIT","transitive"
"eslint-plugin-import","2.32.0","MIT","transitive"
"eslint-plugin-jsx-a11y","6.10.2","MIT","transitive"
"eslint-plugin-react","7.37.5","MIT","transitive"
"eslint-plugin-react-hooks","7.1.1","MIT","transitive"
"eslint-scope","8.4.0","BSD-2-Clause","transitive"
"eslint-visitor-keys","3.4.3","Apache-2.0","transitive"
"eslint-visitor-keys","4.2.1","Apache-2.0","transitive"
"eslint-visitor-keys","5.0.1","Apache-2.0","transitive"
"espree","10.4.0","BSD-2-Clause","transitive"
"esquery","1.7.0","BSD-3-Clause","transitive"
"esrecurse","4.3.0","BSD-2-Clause","transitive"
"estraverse","5.3.0","BSD-2-Clause","transitive"
"estree-walker","3.0.3","MIT","transitive"
"esutils","2.0.3","BSD-2-Clause","transitive"
"expect","30.5.2","MIT","transitive"
"expect-type","1.4.0","Apache-2.0","transitive"
"fast-deep-equal","3.1.3","MIT","transitive"
"fast-glob","3.3.1","MIT","transitive"
"fast-json-stable-stringify","2.1.0","MIT","transitive"
"fast-levenshtein","2.0.6","MIT","transitive"
"fast-uri","3.1.8","BSD-3-Clause","transitive"
"fastq","1.20.3","ISC","transitive"
"fdir","6.5.0","MIT","transitive"
"file-entry-cache","8.0.0","MIT","transitive"
"fill-range","7.1.1","MIT","transitive"
"find-up","5.0.0","MIT","transitive"
"flat-cache","4.0.1","MIT","transitive"
"flatted","3.4.4","ISC","transitive"
"for-each","0.3.5","MIT","transitive"
"function-bind","1.1.2","MIT","transitive"
"function.prototype.name","1.2.0","MIT","transitive"
"functions-have-names","1.2.3","MIT","transitive"
"generator-function","2.0.1","MIT","transitive"
"gensync","1.0.0-beta.2","MIT","transitive"
"get-intrinsic","1.3.0","MIT","transitive"
"get-proto","1.0.1","MIT","transitive"
"get-symbol-description","1.1.0","MIT","transitive"
"get-tsconfig","4.14.3","MIT","transitive"
"glob-parent","5.1.2","ISC","transitive"
"glob-parent","6.0.2","ISC","transitive"
"globals","14.0.0","MIT","transitive"
"globals","16.4.0","MIT","transitive"
"globalthis","1.0.4","MIT","transitive"
"gopd","1.2.0","MIT","transitive"
"graceful-fs","4.2.11","ISC","transitive"
"has-bigints","1.1.0","MIT","transitive"
"has-flag","4.0.0","MIT","transitive"
"has-property-descriptors","1.0.2","MIT","transitive"
"has-proto","1.2.0","MIT","transitive"
"has-symbols","1.1.0","MIT","transitive"
"has-tostringtag","1.0.2","MIT","transitive"
"hasown","2.0.4","MIT","transitive"
"hermes-estree","0.25.1","MIT","transitive"
"hermes-parser","0.25.1","MIT","transitive"
"html-encoding-sniffer","6.0.0","MIT","transitive"
"ignore","5.3.2","MIT","transitive"
"ignore","7.0.9","MIT","transitive"
"import-fresh","3.3.1","MIT","transitive"
"imurmurhash","0.1.4","MIT","transitive"
"indent-string","4.0.0","MIT","transitive"
"internal-slot","1.1.0","MIT","transitive"
"is-array-buffer","3.0.5","MIT","transitive"
"is-async-function","2.1.1","MIT","transitive"
"is-bigint","1.1.0","MIT","transitive"
"is-boolean-object","1.2.2","MIT","transitive"
"is-bun-module","2.0.0","MIT","transitive"
"is-callable","1.2.7","MIT","transitive"
"is-core-module","2.17.0","MIT","transitive"
"is-data-view","1.0.2","MIT","transitive"
"is-date-object","1.1.0","MIT","transitive"
"is-document.all","1.0.0","MIT","transitive"
"is-extglob","2.1.1","MIT","transitive"
"is-finalizationregistry","1.1.1","MIT","transitive"
"is-generator-function","1.1.2","MIT","transitive"
"is-glob","4.0.3","MIT","transitive"
"is-map","2.0.3","MIT","transitive"
"is-negative-zero","2.0.3","MIT","transitive"
"is-number","7.0.0","MIT","transitive"
"is-number-object","1.1.1","MIT","transitive"
"is-potential-custom-element-name","1.0.1","MIT","transitive"
"is-regex","1.2.1","MIT","transitive"
"is-set","2.0.3","MIT","transitive"
"is-shared-array-buffer","1.0.4","MIT","transitive"
"is-string","1.1.1","MIT","transitive"
"is-symbol","1.1.1","MIT","transitive"
"is-typed-array","1.1.15","MIT","transitive"
"is-weakmap","2.0.2","MIT","transitive"
"is-weakref","1.1.1","MIT","transitive"
"is-weakset","2.0.4","MIT","transitive"
"isarray","2.0.5","MIT","transitive"
"isexe","2.0.0","ISC","transitive"
"iterator.prototype","1.1.5","MIT","transitive"
"jest-axe","11.0.0","MIT","development"
"jest-diff","30.4.1","MIT","transitive"
"jest-diff","30.5.2","MIT","transitive"
"jest-matcher-utils","30.4.1","MIT","transitive"
"jest-matcher-utils","30.5.2","MIT","transitive"
"jest-message-util","30.5.1","MIT","transitive"
"jest-mock","30.5.2","MIT","transitive"
"jest-regex-util","30.5.0","MIT","transitive"
"jest-util","30.5.1","MIT","transitive"
"js-tokens","4.0.0","MIT","transitive"
"js-yaml","4.3.2","MIT","transitive"
"jsdom","29.1.1","MIT","development"
"jsesc","3.1.0","MIT","transitive"
"json-buffer","3.0.1","MIT","transitive"
"json-schema-traverse","0.4.1","MIT","transitive"
"json-schema-traverse","1.0.0","MIT","transitive"
"json-stable-stringify-without-jsonify","1.0.1","MIT","transitive"
"json5","1.0.2","MIT","transitive"
"json5","2.2.3","MIT","transitive"
"jsx-ast-utils","3.3.5","MIT","transitive"
"keyv","4.5.4","MIT","transitive"
"language-subtag-registry","0.3.23","CC0-1.0","transitive"
"language-tags","1.0.9","MIT","transitive"
"levn","0.4.1","MIT","transitive"
"lightningcss","1.33.0","MPL-2.0","transitive"
"lightningcss-win32-x64-msvc","1.33.0","MPL-2.0","transitive"
"locate-path","6.0.0","MIT","transitive"
"lodash.merge","4.6.2","MIT","transitive"
"loose-envify","1.4.0","MIT","transitive"
"lru-cache","11.5.3","BlueOak-1.0.0","transitive"
"lru-cache","5.1.1","ISC","transitive"
"lucide-react","1.47.0","ISC","runtime"
"lz-string","1.5.0","MIT","transitive"
"magic-string","0.30.21","MIT","transitive"
"math-intrinsics","1.1.0","MIT","transitive"
"mdn-data","2.27.1","CC0-1.0","transitive"
"merge2","1.4.1","MIT","transitive"
"micromatch","4.0.8","MIT","transitive"
"min-indent","1.0.1","MIT","transitive"
"minimatch","10.2.6","BlueOak-1.0.0","transitive"
"minimatch","3.1.5","ISC","transitive"
"minimist","1.2.8","MIT","transitive"
"ms","2.1.3","MIT","transitive"
"nanoid","3.3.19","MIT","transitive"
"napi-postinstall","0.3.4","MIT","transitive"
"natural-compare","1.4.0","MIT","transitive"
"next","16.3.5","MIT","runtime"
"node-exports-info","1.6.2","MIT","transitive"
"node-releases","2.0.56","MIT","transitive"
"object-assign","4.1.1","MIT","transitive"
"object-inspect","1.13.4","MIT","transitive"
"object-keys","1.1.1","MIT","transitive"
"object.assign","4.1.7","MIT","transitive"
"object.entries","1.1.9","MIT","transitive"
"object.fromentries","2.0.8","MIT","transitive"
"object.groupby","1.0.3","MIT","transitive"
"object.values","1.2.1","MIT","transitive"
"obug","2.2.1","MIT","transitive"
"optionator","0.9.4","MIT","transitive"
"own-keys","1.0.2","MIT","transitive"
"p-limit","3.1.0","MIT","transitive"
"p-locate","5.0.0","MIT","transitive"
"parent-module","1.0.1","MIT","transitive"
"parse5","8.0.1","MIT","transitive"
"path-exists","4.0.0","MIT","transitive"
"path-key","3.1.1","MIT","transitive"
"path-parse","1.0.7","MIT","transitive"
"pathe","2.0.3","MIT","transitive"
"picocolors","1.1.1","ISC","transitive"
"picomatch","2.3.2","MIT","transitive"
"picomatch","4.0.7","MIT","transitive"
"playwright","1.63.0","Apache-2.0","transitive"
"playwright-core","1.63.0","Apache-2.0","transitive"
"possible-typed-array-names","1.1.0","MIT","transitive"
"postcss","8.5.23","MIT","transitive"
"postcss","8.5.28","MIT","transitive"
"prelude-ls","1.2.1","MIT","transitive"
"prettier","3.9.8","MIT","development"
"pretty-format","27.5.1","MIT","transitive"
"pretty-format","30.4.1","MIT","transitive"
"pretty-format","30.5.1","MIT","transitive"
"prop-types","15.8.1","MIT","transitive"
"punycode","2.3.1","MIT","transitive"
"queue-microtask","1.2.3","MIT","transitive"
"react","19.2.8","MIT","runtime"
"react-dom","19.2.8","MIT","runtime"
"react-hook-form","7.88.0","MIT","runtime"
"react-is","16.13.1","MIT","transitive"
"react-is","17.0.2","MIT","transitive"
"react-is","18.3.1","MIT","transitive"
"react-is","19.3.0","MIT","transitive"
"redent","3.0.0","MIT","transitive"
"reflect.getprototypeof","1.0.10","MIT","transitive"
"regexp.prototype.flags","1.5.4","MIT","transitive"
"require-from-string","2.0.2","MIT","transitive"
"resolve","2.0.0-next.7","MIT","transitive"
"resolve-from","4.0.0","MIT","transitive"
"resolve-pkg-maps","1.0.0","MIT","transitive"
"reusify","1.1.0","MIT","transitive"
"rolldown","1.2.9","MIT","transitive"
"run-parallel","1.2.0","MIT","transitive"
"safe-array-concat","1.1.4","MIT","transitive"
"safe-push-apply","1.0.0","MIT","transitive"
"safe-regex-test","1.1.0","MIT","transitive"
"saxes","6.0.0","ISC","transitive"
"scheduler","0.27.0","MIT","transitive"
"semver","6.3.1","ISC","transitive"
"semver","7.8.5","ISC","transitive"
"set-function-length","1.2.2","MIT","transitive"
"set-function-name","2.0.2","MIT","transitive"
"set-proto","1.0.0","MIT","transitive"
"sharp","0.35.4","Apache-2.0","transitive"
"shebang-command","2.0.0","MIT","transitive"
"shebang-regex","3.0.0","MIT","transitive"
"side-channel","1.1.1","MIT","transitive"
"side-channel-list","1.0.1","MIT","transitive"
"side-channel-map","1.0.1","MIT","transitive"
"side-channel-weakmap","1.0.2","MIT","transitive"
"siginfo","2.0.0","ISC","transitive"
"slash","3.0.0","MIT","transitive"
"source-map-js","1.2.1","BSD-3-Clause","transitive"
"stable-hash","0.0.5","MIT","transitive"
"stack-utils","2.0.6","MIT","transitive"
"stackback","0.0.2","MIT","transitive"
"std-env","4.2.0","MIT","transitive"
"stop-iteration-iterator","1.1.0","MIT","transitive"
"string.prototype.includes","2.0.1","MIT","transitive"
"string.prototype.matchall","4.1.0","MIT","transitive"
"string.prototype.repeat","1.0.0","MIT","transitive"
"string.prototype.trim","1.2.11","MIT","transitive"
"string.prototype.trimend","1.0.10","MIT","transitive"
"string.prototype.trimstart","1.0.8","MIT","transitive"
"strip-bom","3.0.0","MIT","transitive"
"strip-indent","3.0.0","MIT","transitive"
"strip-json-comments","3.1.1","MIT","transitive"
"styled-jsx","5.1.6","MIT","transitive"
"supports-color","7.2.0","MIT","transitive"
"supports-preserve-symlinks-flag","1.0.0","MIT","transitive"
"symbol-tree","3.2.4","MIT","transitive"
"tinybench","2.9.0","MIT","transitive"
"tinyexec","1.3.1","MIT","transitive"
"tinyglobby","0.2.17","MIT","transitive"
"tinyrainbow","3.1.1","MIT","transitive"
"tldts","7.4.14","MIT","transitive"
"tldts-core","7.4.14","MIT","transitive"
"to-regex-range","5.0.1","MIT","transitive"
"tough-cookie","6.0.2","BSD-3-Clause","transitive"
"tr46","6.0.0","MIT","transitive"
"ts-api-utils","2.5.0","MIT","transitive"
"tsconfig-paths","3.15.0","MIT","transitive"
"tslib","2.8.1","0BSD","transitive"
"type-check","0.4.0","MIT","transitive"
"typed-array-buffer","1.0.3","MIT","transitive"
"typed-array-byte-length","1.0.3","MIT","transitive"
"typed-array-byte-offset","1.0.5","MIT","transitive"
"typed-array-length","1.0.8","MIT","transitive"
"typescript","5.9.3","Apache-2.0","development"
"typescript-eslint","8.70.1","MIT","transitive"
"unbox-primitive","1.1.0","MIT","transitive"
"undici","7.29.1","MIT","transitive"
"undici-types","6.21.0","MIT","transitive"
"unrs-resolver","1.12.2","MIT","transitive"
"update-browserslist-db","1.3.3","MIT","transitive"
"uri-js","4.4.1","BSD-2-Clause","transitive"
"vite","8.3.0","MIT","transitive"
"vitest","4.1.11","MIT","development"
"w3c-xmlserializer","5.0.0","MIT","transitive"
"webidl-conversions","8.0.1","BSD-2-Clause","transitive"
"whatwg-mimetype","5.0.0","MIT","transitive"
"whatwg-url","16.0.1","MIT","transitive"
"which","2.0.2","ISC","transitive"
"which-boxed-primitive","1.1.1","MIT","transitive"
"which-builtin-type","1.2.1","MIT","transitive"
"which-collection","1.0.2","MIT","transitive"
"which-typed-array","1.1.24","MIT","transitive"
"why-is-node-running","2.3.0","MIT","transitive"
"word-wrap","1.2.5","MIT","transitive"
"xml-name-validator","5.0.0","Apache-2.0","transitive"
"xmlchars","2.2.0","MIT","transitive"
"yallist","3.1.1","ISC","transitive"
"yocto-queue","0.1.0","MIT","transitive"
"zod","4.6.5","MIT","runtime"
"zod-validation-error","4.0.2","MIT","transitive"
